year,year_label,total_population,total_population_plausible_upper,israelite_jewish,northern_israelites,philistines,samaritans,imperial_settlers,christians,muslims,druze,armenians,circassians,other_unknown,israelite_jewish_label,northern_israelites_label,philistines_label,samaritans_label,imperial_settlers_label,other_label,other_context_title,other_context_label,evidence_level,evidence_label,value_prefix,era_label,event_label,event_type,event_priority,transition,transition_profile,transition_start_year,lineage_note,scenario_note,population_context_title,population_context_label,demographic_context_title,demographic_context_label,context_source_url,territory_scope,israelite_jewish_plausible_upper,northern_israelites_plausible_upper,philistines_plausible_upper,samaritans_plausible_upper,imperial_settlers_plausible_upper,christians_plausible_upper,muslims_plausible_upper,druze_plausible_upper,armenians_plausible_upper,circassians_plausible_upper,other_unknown_plausible_upper,data_source_ids,data_source_label,context_card_order
-1500,1500 BCE,150000,200000,0,0,0,0,0,0,0,0,0,0,150000,,,,,,Canaanites & other local communities,,,1,"Highly uncertain — plausible range ≈75,000–200,000",≈,Late Bronze Age Canaan,Canaanite city-states under Egyptian rule,political transition,minor,gradual,,,,"All residents are combined in one visualization category. The selected total is 150,000 and the adopted runtime upper is 200,000; the broader 250,000 scenario remains an outer research sensitivity. Because all residents are combined at this anchor, the Other / Unknown plausible upper equals the total-population upper. Equality with the 1200 BCE selected total does not imply measured demographic stasis.",,,WHY ONE BAR?,"Around 1500 BCE, residents lived in towns, farming villages and mobile herding communities. Later identities cannot yet be distinguished reliably, so all are shown together.",https://ir.unisa.ac.za/handle/10500/13257,Modern Israel excluding the Golan Heights + West Bank including East Jerusalem + Gaza Strip,,,,,,,,,,,200000,S21_LBA_1500_SYNTH,Broshi & Gophna; Bunimovitz; Finkelstein; Kennedy — project Late Bronze synthesis,
-1200,1200 BCE,150000,200000,17500,0,25000,0,0,0,0,0,0,0,107500,Proto-Israelites,,Early Philistines,,,Canaanites & other locals,,,1,"Highly uncertain — reconstructed from archaeology; plausible total ≈100,000–200,000",≈,Bronze–Iron Age transition,Bronze Age systems contract; coastal and highland societies emerge,settlement,minor,gradual,,,The simultaneous forks represent emerging highland and coastal societies becoming analytically distinguishable. Philistine society formed through interaction between local populations and migrants; the branches are not literal ancestry transfers or evidence of population replacement.,"The selected total is 150,000 and the separately stored total-population plausible upper is 200,000. Proto-Israelites are selected at 17,500 and Philistines at 25,000, leaving 107,500 Other / Unknown. The conditional Other / Unknown plausible upper is 157,500 (= 200,000 total upper − 17,500 selected Proto-Israelites − 25,000 selected Philistines). Community plausible uppers are independent and must not be summed into the total. The simultaneous forks represent analytical distinguishability, not sudden replacement.",,,A CHANGING LANDSCAPE,"Older Canaanite communities continue as Bronze Age systems contract. Philistine society forms from local people and migrants on the southern coast, while new highland villages expand.",https://www.cambridge.org/core/books/abs/philistines-and-aegean-migration-at-the-end-of-the-late-bronze-age/short-history-of-the-aegean-immigration-to-the-levant/28023AC9F09EE6D02888D9CF30FB00B3,Modern Israel excluding the Golan Heights + West Bank including East Jerusalem + Gaza Strip,30000,,30000,,,,,,,,157500,S01_BROSHI_FINK_IA;S24_PHILISTINE_DEMOGRAPHIC_TRAJECTORY,Broshi & Finkelstein; Yasur-Landau — project archaeological-demographic synthesis,
-1000,1000 BCE,180000,200000,65000,0,30000,0,0,0,0,0,0,0,85000,Israelites,,Philistines,,,Other local communities,,,1,"Highly uncertain — settlement-based scenario; plausible total ≈120,000–200,000",≈,Early Israelite monarchy,Early Israelite monarchy; extent debated,state formation,minor,gradual,,,The Israelites bar remains combined until the c.850 BCE political-regional fork.,"The 65,000 Israelite value and 180,000 total are retained. A 30,000 Philistine regional allocation is separated from the residual, leaving 85,000 Other / Unknown. The conditional Other / Unknown plausible upper is 105,000 (= 200,000 total upper − 65,000 selected Israelites − 30,000 selected Philistines). Community plausible uppers are independent and must not be summed into the total. The residual is not a measured population or a claim of demographic collapse.",,,KINGDOMS AND CITY-STATES,"An early Israelite monarchy is traditionally placed around this time, though its scale is debated. Philistine cities remain major coastal powers within a wider landscape of local communities.",https://www.academia.edu/1947734/Finkelstein_I_1996_The_Philistine_Countryside_Israel_Exploration_Journal_46_225_242,Modern Israel excluding the Golan Heights + West Bank including East Jerusalem + Gaza Strip,90000,,30000,,,,,,,,105000,S01_BROSHI_FINK_IA;S22_IRON_AGE_TWO_KINGDOMS;S24_PHILISTINE_DEMOGRAPHIC_TRAJECTORY,Broshi & Finkelstein; Yasur-Landau; state-formation studies — project synthesis,
-850,c.850 BCE,300000,360000,40000,120000,40000,0,0,0,0,0,0,0,100000,Judeans,Israelites,Philistines,,,"Coastal, lowland & others",,,1,"Highly uncertain — interpolated archaeological scenario; plausible total ≈220,000–360,000",≈,Kingdom of Israel / Kingdom of Judah,The Kingdom of Israel and the Kingdom of Judah emerge clearly,state formation,major,gradual,,,"The fork represents two ninth-century political-regional systems becoming clearer in the evidence, not a sudden ethnic division or population replacement.","Project interpolation retains the 300,000 total: 40,000 Judeans, 120,000 Israelites associated with the Kingdom of Israel, 40,000 Philistines and 100,000 Other / Unknown. The conditional Other / Unknown plausible upper is 160,000 (= 360,000 total upper − 40,000 selected Judeans − 120,000 selected Israelites − 40,000 selected Philistines). Community plausible uppers are independent and must not be summed into the total. The allocations are rounded archaeological scenarios, not census counts.",,,A LANDSCAPE OF KINGDOMS,The Kingdom of Israel and the Kingdom of Judah are now clearly attested. Philistine city-states and other coastal and lowland communities remain important parts of the region.,https://www.journals.uchicago.edu/doi/10.2307/1357138,Modern Israel excluding the Golan Heights + West Bank including East Jerusalem + Gaza Strip,55000,160000,50000,,,,,,,,160000,S22_IRON_AGE_TWO_KINGDOMS;S24_PHILISTINE_DEMOGRAPHIC_TRAJECTORY,Broshi & Finkelstein; Tel Dan and state-formation studies; Philistine regional studies — project synthesis,
-722,722 BCE,400000,500000,80000,160000,50000,0,0,0,0,0,0,0,110000,Judeans,Israelites,Philistines,,,"Coastal, lowland & others",,,1,Highly uncertain — reconstructed from archaeology and historical evidence,≈,Assyrian Empire / Kingdom of Judah,Assyria conquers the Kingdom of Israel; deportations follow,conquest,major,gradual,,,The northern political category remains visible at the anchor and ends only in the following transition; the fall of the state must not be rendered as disappearance of its inhabitants.,"Eve-of-conquest scenario. The existing 240,000 combined allocation to Judeans and Israelites of the Kingdom of Israel remains unchanged; 50,000 Philistines are separated from the residual, leaving 110,000 Other / Unknown. The political-population split is not an ethnic census.",,,ASSYRIA RESHAPES THE REGION,"These bars show residents on the eve of the Kingdom of Israel’s fall. Deportation, local survival and resettlement reshape the region under Assyrian rule.",https://www.academia.edu/166683976/The_End_and_Disappearance_of_the_Biblical_Philistines_Archaeological_and_Historical_Evidence_and_Comparison_to_the_Israelite_and_Judahite_Exiles,Modern Israel excluding the Golan Heights + West Bank including East Jerusalem + Gaza Strip,110000,210000,50000,,,,,,,,130000,S01_BROSHI_FINK_IA;S22_IRON_AGE_TWO_KINGDOMS;S24_PHILISTINE_DEMOGRAPHIC_TRAJECTORY,Broshi & Finkelstein; Assyrian-continuity and Philistine regional studies — project synthesis,
-701,701 BCE,360000,,220000,0,50000,0,0,0,0,0,0,0,90000,Judeans,,Philistines,,,"Northern, coastal & others",,,1,Highly uncertain — reconstructed from archaeology and historical evidence,≈,Assyrian Empire / Kingdom of Judah,"Assyrian king Sennacherib invades the Kingdom of Judah; its capital, Jerusalem, survives",invasion,minor,shock,,,"The Judean continuity bar may include incorporated northern-origin residents; the northern/local composite includes local survivors, incoming settlers, coastal groups and unresolved classifications.","Selected values remain 220,000 Judeans, with 50,000 Philistines separated from the residual and 90,000 Other / Unknown. The former Kingdom of Israel lineage merges qualitatively into both continuing bars; no transfer percentage or census-like survivor count is asserted.",,,THE KINGDOM OF ISRAEL FELL,"After the Kingdom of Israel’s fall, some Israelites remain or move into Judah; others are deported. Sennacherib devastates Judah and Philistine cities, but Jerusalem survives.",https://www.academia.edu/166683976/The_End_and_Disappearance_of_the_Biblical_Philistines_Archaeological_and_Historical_Evidence_and_Comparison_to_the_Israelite_and_Judahite_Exiles,Modern Israel excluding the Golan Heights + West Bank including East Jerusalem + Gaza Strip,300000,,50000,,,,,,,,110000,S01_BROSHI_FINK_IA;S22_IRON_AGE_TWO_KINGDOMS;S24_PHILISTINE_DEMOGRAPHIC_TRAJECTORY,Broshi & Finkelstein; Assyrian migration/continuity and Philistine studies — project synthesis,
-586,586 BCE,200000,,70000,0,0,0,0,0,0,0,0,0,130000,Judeans,,,,,"Northern, coastal & southern",,,1,Highly uncertain — reconstructed from archaeology and historical evidence,≈,Babylonian Empire,Babylon destroys Jerusalem and ends the Kingdom of Judah,conquest,major,shock,babylonian_shock_window,-604,"The Philistine political-cultural category merges qualitatively into Other / Unknown during the c.604–586 BCE shock window. This ends the chart category, not every Philistine-origin lineage; no transfer percentage or c.604 population count is asserted.","Selected values remain 70,000 Judeans and 130,000 Other / Unknown at 586 BCE. The c.604 start year controls interpolation only: all displayed populations remain at their 701 BCE values until then, then move toward the 586 BCE endpoints. Philistines equal zero because the separate category ends; zero is not a survivor count.",,,BABYLONIAN DESTRUCTION,"Babylon breaks the Philistine city-state system around 604 BCE, then destroys Jerusalem and ends the Kingdom of Judah in 586 BCE. Many residents are killed, displaced or deported, while others survive.",https://www.academia.edu/166683976/The_End_and_Disappearance_of_the_Biblical_Philistines_Archaeological_and_Historical_Evidence_and_Comparison_to_the_Israelite_and_Judahite_Exiles,Modern Israel excluding the Golan Heights + West Bank including East Jerusalem + Gaza Strip,120000,,,,,,,,,,160000,S02_PERSIAN_YEHUD;S22_IRON_AGE_TWO_KINGDOMS;S24_PHILISTINE_DEMOGRAPHIC_TRAJECTORY,Yehud/Samaria; northern-continuity; Philistine-disappearance studies — project synthesis,
-538,538 BCE,170000,,35000,0,0,0,0,0,0,0,0,0,135000,Judeans,,,,,"Northern, coastal & southern",,,1,Highly uncertain — reconstructed from archaeology and historical evidence,≈,Persian Empire,Cyrus the Great’s Persian Empire replaces Babylonian rule,political transition,major,gradual,,,,"Selected values remain 35,000 Judeans and 135,000 Other / Unknown. The 170,000 residual upper is an arithmetic scenario, not an estimate for one community.",,,A PERSIAN-PERIOD MOSAIC,"The region includes the Persian provinces of Yehud and Samaria, alongside Idumaea and Phoenician-linked coastal districts. Some Judean exiles return over generations.",https://doi.org/10.1017/9781316661468.023,Modern Israel excluding the Golan Heights + West Bank including East Jerusalem + Gaza Strip,60000,,,,,,,,,,170000,S02_PERSIAN_YEHUD;S22_IRON_AGE_TWO_KINGDOMS;S24_PHILISTINE_DEMOGRAPHIC_TRAJECTORY,Yehud/Samaria; northern-continuity; Philistine-disappearance studies — project synthesis,
-400,400 BCE,180000,,35000,0,0,60000,0,0,0,0,0,0,85000,Judeans,,,Israelite Samaritans,,Coastal & other communities,,,1,Highly uncertain — reconstructed from archaeology and historical evidence,≈,Persian Empire,,none,none,gradual,,,The fork represents improved analytical distinguishability of a Samaritan community; it does not claim that all northern survivors became Samaritans or that identity changed in one year.,"Selected values remain 35,000 Judeans, 60,000 Samaritans and 85,000 Other / Unknown. The 105,000 residual upper is an arithmetic scenario, not an estimate for one community.",,,SAMARITANS BECOME DISTINCT,"A Gerizim- and Samaria-centred Israelite community can now be shown separately. It is one part of a wider mosaic of Judeans, Idumaeans, Phoenician-linked coastal communities and southern groups.",https://www.mdpi.com/2077-1444/11/2/63,Modern Israel excluding the Golan Heights + West Bank including East Jerusalem + Gaza Strip,55000,,,90000,,,,,,,105000,S02_PERSIAN_YEHUD;S05_SAMARITAN_STUDIES;S22_IRON_AGE_TWO_KINGDOMS;S24_PHILISTINE_DEMOGRAPHIC_TRAJECTORY,Yehud/Samaria; Samaritan; northern-continuity and Achaemenid coastal studies — project synthesis,
-332,332 BCE,200000,,55000,0,0,70000,10000,0,0,0,0,0,65000,Jews,,,Israelite Samaritans,Hellenistic settlers,Coastal & other communities,,,1,Highly uncertain — reconstructed from archaeology and historical evidence,≈,Hellenistic rule,Alexander conquers the region; Hellenistic Greek rule begins,conquest,major,gradual,,,The bar remains continuous; the label changes gradually with historical terminology.,"Selected values remain 55,000 Jews, 70,000 Samaritans, 10,000 Hellenistic settlers and 65,000 Other / Unknown. The 80,000 residual upper is an arithmetic scenario, not an estimate for one community.",,,"NEW RULE, LOCAL CONTINUITY","Alexander’s conquest changes imperial rule, not the population overnight. Hellenistic settlement and cultural change develop gradually.",https://doi.org/10.1017/9781316661468.023,Modern Israel excluding the Golan Heights + West Bank including East Jerusalem + Gaza Strip,80000,,,100000,20000,,,,,,80000,S03_HELLENISTIC_ROUGH;S05_SAMARITAN_STUDIES,DellaPergola; Hellenistic and Samaritan studies — project synthesis,
-167,167 BCE,280000,410000,90000,0,0,75000,15000,0,0,0,0,0,100000,Jews,,,Israelite Samaritans,Hellenistic resident communities,Other local communities,,,1,"Highly uncertain — regional archaeological synthesis; plausible total ≈180,000–410,000",≈,Maccabean revolt,Maccabean revolt begins against Hellenistic Greek rule,revolt,major,gradual,,,,"S23 fixed-territory synthesis. The 90,000 Jewish and 75,000 Samaritan selected values are retained; Hellenistic resident communities rise to 15,000 and Other / Unknown to 100,000 so non-Judean parts of the fixed territory are not compressed into an implausibly small residual.",,,"REVOLT, THEN INDEPENDENCE","The revolt begins in Judea. It leads to an independent Hasmonean Jewish state, later ruled as a kingdom, which expands beyond the Judean heartland.",https://israelfinkelstein.wordpress.com/wp-content/uploads/2013/07/yehud-judea-rb.pdf,Modern Israel excluding the Golan Heights + West Bank including East Jerusalem + Gaza Strip,130000,,,110000,25000,,,,,,145000,S23_HASMONEAN_DEMOGRAPHIC_TRANSITION,Finkelstein; Leibner; Levin; Bourgel; Dąbrowa — project Hasmonean synthesis,
-100,c.100 BCE,400000,620000,180000,0,0,65000,20000,0,0,0,0,0,135000,Jews,,,Israelite Samaritans,Hellenistic resident communities,Other local communities,,,1,"Highly uncertain — regional archaeological synthesis; plausible total ≈240,000–620,000",≈,Hasmonean expansion,The Hasmonean state expands across much of the region,state expansion,major,gradual,,,,"S23 reconciled project scenario marking the late-second-century Hasmonean expansion horizon. The increase reflects natural growth, migration, settlement, partial incorporation or conversion and changing historical visibility; conquest alone does not add residents to the fixed-territory total.",,,EXPANSION AND INCORPORATION,"Jewish settlement and identity spread through migration, local incorporation and sometimes coercion or displacement. Conquered populations did not become Jewish all at once.",https://www.mdpi.com/2077-1444/11/10/487,Modern Israel excluding the Golan Heights + West Bank including East Jerusalem + Gaza Strip,280000,,,100000,35000,,,,,,205000,S23_HASMONEAN_DEMOGRAPHIC_TRANSITION,Finkelstein; Leibner; Levin; Bourgel; Dąbrowa — project Hasmonean synthesis,
-63,63 BCE,500000,740000,280000,0,0,70000,25000,0,0,0,0,0,125000,Jews,,,Israelite Samaritans,Hellenistic resident communities,Other local communities,,,1,"Highly uncertain — eve-of-Pompey regional synthesis; plausible total ≈300,000–740,000",≈,Roman dominance begins,Pompey takes Jerusalem; Hasmonean independence ends,conquest,major,gradual,,,,"S23 late-Hasmonean eve-of-conquest scenario. The selected Jewish population is reduced from 450,000 to 280,000 and the total from 700,000 to 500,000. Pompey's intervention changes rule and borders after the anchor; it does not cause the preceding population growth or imply an instantaneous Roman resident influx.",,,ROME ENDS INDEPENDENCE,The region’s population had grown under the Hasmoneans—especially its Jewish population—before Pompey’s conquest brought Roman rule.,https://www.mdpi.com/2077-1444/10/11/628,Modern Israel excluding the Golan Heights + West Bank including East Jerusalem + Gaza Strip,400000,,,110000,45000,,,,,,185000,S23_HASMONEAN_DEMOGRAPHIC_TRANSITION,Finkelstein; Leibner; Levin; Bourgel; Dąbrowa — project Hasmonean synthesis,
70,70 CE,550000,800000,250000,0,0,90000,30000,0,0,0,0,0,180000,Jews,,,Israelite Samaritans,Roman settlers,Polytheists & others,,,1,Highly uncertain — reconstructed from archaeology and historical evidence,≈,Roman rule,Rome destroys Jerusalem and the Temple during the First Jewish Revolt,war,major,gradual,,,,Joint fixed-territory scenario for broader c.70-73 post-revolt horizon; not a census,,,"DESTRUCTION, NOT DISAPPEARANCE","Deaths, enslavement and displacement are severe, especially in Judea. Jewish communities nevertheless continue in Galilee and elsewhere.",,Modern Israel excluding the Golan Heights + West Bank including East Jerusalem + Gaza Strip,380000,,,130000,50000,0,0,,0,,240000,S26_ROMAN_BYZANTINE_DEMOGRAPHIC_TRANSITION,Broshi; Leibner; Chancey & Porter; Josephus — project Roman-period synthesis,
135,135 CE,450000,650000,150000,0,0,100000,40000,0,0,0,0,0,160000,Jews,,,Israelite Samaritans,Roman settlers,Polytheists & others,,,1,Highly uncertain — reconstructed from archaeology and historical evidence,≈,Roman rule,Rome crushes the Bar Kokhba revolt,revolt,major,shock,,,,Joint post-revolt fixed-territory scenario; regional war-zone evidence is not extrapolated to the whole polygon,,,JUDEA DEVASTATED,"This second revolt devastates Jewish settlement across much of Judea, while substantial Jewish communities continue in Galilee and elsewhere.",,Modern Israel excluding the Golan Heights + West Bank including East Jerusalem + Gaza Strip,250000,,,150000,70000,0,0,,0,,180000,S26_ROMAN_BYZANTINE_DEMOGRAPHIC_TRANSITION,Broshi; Raviv & Ben David; Leibner; Chancey & Porter — project Roman-period synthesis,
250,250 CE,700000,900000,180000,0,0,150000,0,50000,0,0,0,0,320000,Jews,,,Israelite Samaritans,,Polytheists & others,,,1,Highly uncertain — reconstructed from archaeology and historical evidence,≈,Roman Empire,Late Roman settlement expands,none,none,gradual,,,,Broad middle-Roman recovery scenario derived from regional settlement expansion,,,EARLY CHRISTIAN COMMUNITIES,"Christian communities are now firmly established in several cities, though still a small minority. Jewish settlement remains strong in Galilee, while Samaritan settlement expands in Samaria.",,Modern Israel excluding the Golan Heights + West Bank including East Jerusalem + Gaza Strip,240000,,,220000,0,100000,0,,0,,340000,S26_ROMAN_BYZANTINE_DEMOGRAPHIC_TRANSITION,Broshi; Bar; Leibner; Chancey & Porter — project Roman-period synthesis,
324,324 CE,800000,950000,170000,0,0,170000,0,130000,0,0,1000,0,329000,Jews,,,Israelite Samaritans,,Polytheists & others,,,1,Highly uncertain — reconstructed from archaeology and historical evidence,≈,Christianizing Roman Empire,Christianity gains imperial support,religious transition,major,gradual,,,,Broad early-fourth-century horizon; political Christianization is not a settlement break,,,"IMPERIAL SUPPORT, GRADUAL CONVERSION","Christian institutions expand after Constantine, but most residents do not change religion at once. Rural Christianization continues through the fifth and sixth centuries.",,Modern Israel excluding the Golan Heights + West Bank including East Jerusalem + Gaza Strip,200000,,,220000,0,190000,0,,3000,,337000,S26_ROMAN_BYZANTINE_DEMOGRAPHIC_TRANSITION,Broshi; Bar; Chancey & Porter — project late-Roman synthesis,
450,450 CE,850000,1000000,130000,0,0,190000,0,330000,0,0,2000,0,198000,Jews,,,Israelite Samaritans,,Other / unclassified,,,1,Highly uncertain — reconstructed from archaeology and historical evidence,≈,Byzantine Empire,Eastern Roman rule continues from Constantinople,political transition,minor,gradual,,,,Broad mid-fifth-century ascent or plateau; not securely the demographic peak,,,CHRISTIANITY SPREADS BEYOND THE CITIES,"Christianity first grew fastest in towns. From the fifth century onward, church building accelerates in the countryside, where conversion had generally been slower.",,Modern Israel excluding the Golan Heights + West Bank including East Jerusalem + Gaza Strip,150000,,,220000,0,425000,0,,5000,,200000,S26_ROMAN_BYZANTINE_DEMOGRAPHIC_TRANSITION,Broshi; Bar; Crown; Chalmers; Armenian epigraphy — project Byzantine synthesis,
529,529 CE,900000,1000000,130000,0,0,170000,0,460000,0,0,2000,0,138000,Jews,,,Israelite Samaritans,,Other / unclassified,,,1,Highly uncertain — reconstructed from archaeology and historical evidence,≈,Byzantine Empire,A major Samaritan revolt begins,revolt,major,gradual,,,,Near mid-sixth-century settlement peak and pre or early revolt horizon,,,SAMARITANS RISE AGAINST BYZANTIUM,The revolt is crushed in 531. Renewed fighting in 556 and harsh repression greatly reduce the Samaritan community over the following decades.,,Modern Israel excluding the Golan Heights + West Bank including East Jerusalem + Gaza Strip,145000,,,210000,0,500000,0,,5000,,140000,S26_ROMAN_BYZANTINE_DEMOGRAPHIC_TRANSITION,Broshi; Bar; Crown; Chalmers; Armenian epigraphy — project Byzantine synthesis,
614,614 CE,820000,950000,100000,0,0,70000,0,525000,0,0,2000,0,123000,Jews,,,Israelite Samaritans,,Other / unclassified,,,1,Highly uncertain — reconstructed from archaeology and historical evidence,≈,Sasanian Persian rule,Sasanian Persian forces capture Jerusalem,conquest,major,gradual,,,,Conquest-year or short aftermath horizon; modest long-interval decline with broad settlement continuity,,,A BRIEF PERSIAN CONQUEST,"The Sasanians were Byzantium’s powerful Persian rivals. Jerusalem suffers severe violence, but most settlements across the region continue.",,Modern Israel excluding the Golan Heights + West Bank including East Jerusalem + Gaza Strip,120000,,,100000,0,600000,0,,5000,,125000,S26_ROMAN_BYZANTINE_DEMOGRAPHIC_TRANSITION,Broshi; Bar; Avni; Crown and Chalmers; Armenian epigraphy — project Byzantine synthesis,
638,638 CE,810000,950000,100000,0,0,70000,0,510000,5000,0,2000,0,123000,Jews,,,Israelite Samaritans,,Other / unclassified,,,1,Highly uncertain — reconstructed from archaeology and historical evidence,≈,Early Islamic rule,Arab-Muslim rule begins,conquest,major,gradual,,,,Approximate c.640 early post-conquest horizon; political change with minimal immediate demographic change,,,ROMAN RULE ENDS,The conquest ends nearly seven centuries of Roman and Byzantine rule. Conversion to Islam unfolds gradually over the centuries that follow.,,Modern Israel excluding the Golan Heights + West Bank including East Jerusalem + Gaza Strip,120000,,,100000,0,585000,15000,,5000,,125000,S26_ROMAN_BYZANTINE_DEMOGRAPHIC_TRANSITION,Broshi; Bar; Taxel; Armenian epigraphy — project early-Islamic synthesis,
749,749 CE,650000,,70000,0,0,35000,0,350000,140000,0,5000,0,50000,Jews,,,Israelite Samaritans,,Other / unclassified,,,1,Highly uncertain — reconstructed from archaeology and historical evidence,≈,Umayyad–Abbasid transition,A major earthquake strikes; Abbasid rule follows,disaster,minor,gradual,,,,Named communities use master pop_est; Other / Unknown is the balancing residual.,,,A REGION IN TRANSITION,"The earthquake devastates several Jordan Valley cities, while gradual conversion to Islam continues to reshape the population.",,Modern Israel excluding the Golan Heights + West Bank including East Jerusalem + Gaza Strip,100000,,,60000,,470000,220000,,8000,,,S03_HELLENISTIC_ROUGH;S05_SAMARITAN_STUDIES;S06_ARMENIAN_HISTORY,DellaPergola long-run estimates; Samaritan and Armenian studies — project early-Islamic synthesis,
1099,1099 CE,450000,,5000,0,0,2000,25000,110000,270000,8000,8000,0,22000,Jews,,,Israelite Samaritans,Crusader settlers,Other / unclassified,,,1,Highly uncertain — reconstructed from historical evidence,≈,Crusader Kingdom,Crusaders capture Jerusalem,conquest,major,gradual,gradual_demography_event_settlers,,,Illustrative coherent split within reviewed ranges; Frankish settlers are shown separately from other Christians.,,,MASSACRE IN JERUSALEM,"The Crusaders kill or expel many of Jerusalem’s Muslim and Jewish residents. Across the wider region, however, Muslim communities remain numerous.",,Modern Israel excluding the Golan Heights + West Bank including East Jerusalem + Gaza Strip,10000,,,4000,50000,250000,350000,12000,12000,,,S05_SAMARITAN_STUDIES;S06_ARMENIAN_HISTORY;S06_CRUSADER_MEDIEVAL,DellaPergola; Pringle and medieval studies; Samaritan and Armenian studies — project reconstruction,
1187,1187 CE,300000,,18000,0,0,2000,5000,45000,190000,10000,8000,0,22000,Jews,,,Israelite Samaritans,Crusader residents,Other / unclassified,,,1,Highly uncertain — reconstructed from historical evidence,≈,Ayyubid rule,Saladin retakes Jerusalem,conquest,major,shock,,,,Named communities use master pop_est; Other / Unknown is the balancing residual.,,,SALADIN’S DYNASTY,"Saladin’s Ayyubid dynasty rules from Egypt and Syria. Jerusalem returns to Muslim rule, although Crusader states remain along parts of the coast.",,Modern Israel excluding the Golan Heights + West Bank including East Jerusalem + Gaza Strip,30000,,,4000,10000,70000,250000,15000,12000,,,S05_SAMARITAN_STUDIES;S06_ARMENIAN_HISTORY;S06_CRUSADER_MEDIEVAL,DellaPergola; Pringle and medieval studies; Samaritan and Armenian studies — project reconstruction,
1291,1291 CE,240000,,12000,0,0,1500,1000,30000,170000,12000,6000,0,7500,Jews,,,Israelite Samaritans,Crusader remnants,Other / unclassified,,,1,Highly uncertain — reconstructed from historical evidence,≈,Mamluk Sultanate,Acre falls; Mamluk rule consolidates,conquest,major,shock,,,,Named communities use master pop_est; Other / Unknown is the balancing residual.,,,THE MAMLUKS,"The Mamluks, a military ruling elite based in Egypt, replaced Ayyubid rule during the 1200s. Their capture of Acre ends the last major Crusader stronghold.",,Modern Israel excluding the Golan Heights + West Bank including East Jerusalem + Gaza Strip,20000,,,3000,3000,50000,220000,18000,10000,,,S05_SAMARITAN_STUDIES;S06_ARMENIAN_HISTORY;S06_CRUSADER_MEDIEVAL,DellaPergola; Pringle and medieval studies; Samaritan and Armenian studies — project reconstruction,
1348,1348 CE,150000,,7000,0,0,1000,0,18000,105000,8000,4000,0,7000,Jews,,,Israelite Samaritans,,Other / unclassified,,,1,Highly uncertain — reconstructed from historical evidence,≈,Mamluk Sultanate,The Black Death reaches the region,epidemic,major,shock,,,,"Illustrative reviewed midpoint scenario for Jewish, Christian and Muslim communities.",,,POPULATION LOSS,"By 1348, the estimated population is nearly 40% below 1291. The Black Death and other upheavals contributed.",,Modern Israel excluding the Golan Heights + West Bank including East Jerusalem + Gaza Strip,12000,,,2000,,30000,145000,12000,7000,,,S05_SAMARITAN_STUDIES;S06_ARMENIAN_HISTORY;S06_CRUSADER_MEDIEVAL,DellaPergola; Pringle and medieval studies; Samaritan and Armenian studies — project reconstruction,
1517,1517 CE,250000,,5000,0,0,300,0,20000,210000,10000,3000,0,1700,Jews,,,Israelite Samaritans,,Other / unclassified,,,1,Highly uncertain — reconstructed from historical evidence,≈,Ottoman Empire,Ottoman rule begins,conquest,major,gradual,,,,Named communities use master pop_est; Other / Unknown is the balancing residual.,,,OTTOMAN RULE,The Ottoman Empire rules the region from 1517 until British conquest in 1917. Its arrival changes the rulers—not the population overnight.,,Modern Israel excluding the Golan Heights + West Bank including East Jerusalem + Gaza Strip,8000,,,700,,30000,270000,15000,5000,,,S06_ARMENIAN_HISTORY;S07_OTTOMAN_EARLY,Hütteroth & Abdulfattah 1596 register; Armenian studies — project back-cast,
1596,1596 CE,210000,,7000,0,0,200,0,13000,176000,10000,3000,0,800,Jews,,,Israelite Samaritans,,Other / unclassified,,,2,Approximate — based on Ottoman tax records,≈,Ottoman Empire,Ottoman tax records provide a population estimate,census,minor,gradual,,,,Named communities use master pop_est; Other / Unknown is the balancing residual.,,,,,,Modern Israel excluding the Golan Heights + West Bank including East Jerusalem + Gaza Strip,10000,,,400,,18000,205000,13000,5000,,,S07_OTTOMAN_EARLY,Hütteroth & Abdulfattah — Ottoman tax registers; household-to-person/fixed-territory reconstruction,
1872,1872 CE,381954,,15000,0,0,200,0,39500,320000,4000,2500,0,754,Jews,,,Israelite Samaritans,,Other / unclassified,,,2,Approximate — based on Ottoman records,≈,Late Ottoman Empire,Ottoman population records become more detailed,census,minor,gradual,,,,Named communities use master pop_est; Other / Unknown is the balancing residual.,,,,,,Modern Israel excluding the Golan Heights + West Bank including East Jerusalem + Gaza Strip,18000,,,250,,46000,350000,6000,3500,,,S08_OTTOMAN_1872,Ottoman census summary — fixed-territory demographic reconstruction,
1882,1882 CE,472000,,24000,0,0,200,0,40500,396000,5000,3200,1000,2100,Jews,,,Israelite Samaritans,,Other / unclassified,,,2,Approximate — based on Ottoman records,≈,Late Ottoman Empire,First modern wave of Jewish immigration begins,migration,major,gradual,,,,Named communities use master pop_est; Other / Unknown is the balancing residual.,,,JEWISH IMMIGRATION,"Over the next two decades (1882–1903), about 25,000–35,000 Jews arrive; many later leave.",https://en.wikipedia.org/wiki/First_Aliyah,Modern Israel excluding the Golan Heights + West Bank including East Jerusalem + Gaza Strip,30000,,,250,,47000,430000,7000,4500,1500,,S06_ARMENIAN_HISTORY;S09_MCCARTHY_1882_1914,McCarthy and Ottoman records; Armenian studies — fixed-territory reconstruction,
1914,1914 CE,797000,,60000,0,0,150,0,78000,644000,7000,3000,3000,1850,Jews,,,Israelite Samaritans,,Other / unclassified,,,2,Approximate — based on Ottoman records,≈,Ottoman rule / World War I,Second Jewish immigration wave ends as World War I begins,war,major,gradual,,,,Named communities use master pop_est; Other / Unknown is the balancing residual.,PALESTINIAN ARABS,"A shared Palestinian Arab identity is emerging among Arabic-speaking Muslims and Christians, represented mainly by the Muslim and Christian bars.",JEWISH IMMIGRATION,"Second wave of Jewish immigration (1904–1914; Second Aliyah): about 35,000–40,000 arrivals.",https://en.wikipedia.org/wiki/Second_Aliyah,Modern Israel excluding the Golan Heights + West Bank including East Jerusalem + Gaza Strip,70000,,,180,,90000,690000,9000,4000,4000,,S06_ARMENIAN_HISTORY;S09_MCCARTHY_1882_1914,McCarthy and Ottoman records; Armenian studies — fixed-territory reconstruction,
1922,1922 CE,757182,,83794,0,0,163,0,69814,590234,7028,3210,656,2283,Jews,,,Israelite Samaritans,,Other / unclassified,,,4,Census-based,,British Mandate,First British population census,census,major,gradual,,,,Named communities use master pop_est; Other / Unknown is the balancing residual.,,,JEWISH IMMIGRATION,"The Third Aliyah continues through 1923. In all, about 35,000–40,000 Jews arrive.",https://en.wikipedia.org/wiki/Third_Aliyah,Modern Israel excluding the Golan Heights + West Bank including East Jerusalem + Gaza Strip,,,,,,71500,590890,,3500,888,,S10_CENSUS_1922,"Barron — Palestine Census, 1922; project small-community separations",
1931,1931 CE,1035821,,174610,0,0,182,0,83398,758829,9148,8000,888,766,Jews,,,Israelite Samaritans,,Other / unclassified,,,4,Census-based,,British Mandate,Second British population census,census,minor,gradual,,,,Named communities use master pop_est; Other / Unknown is the balancing residual.,,,JEWISH IMMIGRATION,"Fourth wave of Jewish immigration (1924–1928; Fourth Aliyah): about 70,000–80,000 arrivals. A larger fifth wave begins in 1929.",https://en.wikipedia.org/wiki/Fourth_Aliyah,Modern Israel excluding the Golan Heights + West Bank including East Jerusalem + Gaza Strip,,,,,,85398,759717,,12000,1200,,S06_ARMENIAN_HISTORY;S11_CENSUS_1931,"Mills — Palestine Census, 1931; Armenian studies; project small-community separations",
1945,1945 CE,1764520,,553600,0,0,290,0,120550,1060000,14100,15000,900,80,Jews,,,Israelite Samaritans,,Other / unclassified,,,3,Official estimate,≈,British Mandate,Official estimate after major Jewish immigration,census,minor,gradual,,,,"The Samaritan value is an explicit rounded interpolation between 206 in 1934 and 308 in 1948, not a direct 1945 count. Other / Unknown remains the balancing residual.",MUSLIM POPULATION,"From 1882 to 1945, the Muslim population rises from about 396,000 to 1.06 million. During the Mandate, most growth comes from births exceeding deaths.",JEWISH IMMIGRATION,"Fifth wave of Jewish immigration (1929–1939; Fifth Aliyah): about 225,000–250,000 arrivals. Jewish refugee immigration continues during the war years.",https://www.un.org/unispal/document/auto-insert-208273/,Modern Israel excluding the Golan Heights + West Bank including East Jerusalem + Gaza Strip,,,,300,,123000,1061270,,18000,1200,,S06_ARMENIAN_HISTORY;S12_VILLAGE_STATS_1945;S25_MANDATE_MUSLIM_NATURAL_INCREASE;S27_MODERN_SAMARITAN_SERIES,"Village Statistics, 1945; Armenian studies; Israelite Samaritan series; context: 1937 Mandate report",population_context > demographic_context
1948,1948 CE,1890000,,716700,0,0,308,0,75000,1050000,15000,12000,1000,19992,Jews,,,Israelite Samaritans,,Other / unclassified,,,2,Approximate — combined historical records,≈,Israel / Jordanian West Bank / Egyptian Gaza,Israel is established; war displaces many Palestinians (Nakba),state formation / war,major,shock,,,,The Israelite Samaritan value is the documented combined total of 308 (58 in Israel and 250 in Shechem); Other / Unknown remains the balancing residual.,PALESTINIANS,"From this point, the animation uses “Palestinians” rather than “Palestinian Arabs.” They are shown mainly in the Muslim and Christian bars, including Palestinians living in Israel.",1948 RECONSTRUCTION,"Approximate figures combine counts for Israel, the West Bank and Gaza. Refugees living inside this territory are included; those outside it are not.",,Modern Israel excluding the Golan Heights + West Bank including East Jerusalem + Gaza Strip,758700,,,,,95000,1110000,18000,15000,1300,,S13_1948_RECON;S27_MODERN_SAMARITAN_SERIES,Israel CBS (8 Nov 1948); UN/West Bank/Gaza near-period estimates; Israelite Samaritan series — project reconstruction,
1961,1961 CE,3270000,,1932000,0,0,350,0,92000,1205000,24000,7000,1500,8150,Jews,,,Israelite Samaritans,,Other / unclassified,,,2,Approximate — combined census records,≈,Israel / Jordanian West Bank / Egyptian Gaza,Mass immigration reshapes Israel,census,minor,gradual,,,,The Israelite Samaritan value combines contemporary estimates of about 150 in Holon and 200 in Nablus. Other / Unknown remains the balancing residual; the total and named estimates are prioritized.,,,JEWISH IMMIGRATION,"About 688,000 immigrants arrived in Israel from 1948 to 1951, including Holocaust survivors and Jews from Europe, the Middle East and North Africa.",https://en.wikipedia.org/wiki/Aliyah,Modern Israel excluding the Golan Heights + West Bank including East Jerusalem + Gaza Strip,2000000,,,370,,105000,1280000,28000,10000,2000,,S14_1961_RECON;S27_MODERN_SAMARITAN_SERIES,Israel census (22 May); Jordan West Bank census (18 Nov); U.S. Census Bureau Gaza estimate; Bonne-Tamir Samaritan study — stitched reconstruction,
1967,1967 CE,3716000,,2374000,0,0,400,0,97000,1187000,31000,5000,2000,19600,Jews,,,Israelite Samaritans,,Other / unclassified,,,3,Good evidence — combined official records; war and displacement add uncertainty,≈,Israel / West Bank and Gaza,"Six-Day War: Israel captures the West Bank, Gaza and East Jerusalem",war,major,gradual,,,,"The Israelite Samaritan value is a rounded synthesis between 350 in 1963 and 430 in 1970, checked against the official count of 139 in Nablus district alone; it is not a direct 1967 total. Other / Unknown remains the balancing residual.",,,1967 DATA LIMITS,"Approximate figures combine Israel, the West Bank, Gaza and East Jerusalem. War, displacement and missing residents make the total uncertain.",,Modern Israel excluding the Golan Heights + West Bank including East Jerusalem + Gaza Strip,,,,420,,105000,1260000,33000,7000,2500,,S15_1967_STITCH;S27_MODERN_SAMARITAN_SERIES,Israel September estimate; 10–14 Sep West Bank/Gaza census; 27 Sep East Jerusalem census; Israelite Samaritan series — fixed-territory stitch,
1997,1997 CE,8501669,,4760000,0,0,550,0,160000,3437000,92000,8000,4000,40119,Jews,,,Israelite Samaritans,,Other / unclassified,,,3,Combined official statistics,≈,Israel / Palestinian Authority,Palestinian Authority era; first Palestinian census,political transition,minor,gradual,,,,Named communities use master pop_est; Other / Unknown is the balancing residual. The coherent residual falls outside the master's independent Other / Unknown band; total and named estimates are prioritized.,,,1990s IMMIGRATION,"Large-scale immigration from the former Soviet Union, mainly Jews and their relatives, drives much of Israel's population growth in the 1990s.",https://en.wikipedia.org/wiki/1990s_post-Soviet_aliyah,Modern Israel excluding the Golan Heights + West Bank including East Jerusalem + Gaza Strip,4950000,,,600,,175000,3600000,97000,10000,5000,,S16_1997_STITCH,Israel CBS + PCBS — 1997 fixed-territory stitch; project small-community allocations,
2007,2007 CE,11005246,,5450000,0,0,700,0,190000,5045000,119000,6000,4500,190046,Jews,,,Israelite Samaritans,,Other / unclassified,,,3,Combined official statistics,≈,Israel / Palestinian Authority / Gaza,Hamas takes control of Gaza; Palestinian political division,political transition,major,gradual,,,,Named communities use master pop_est; Other / Unknown is the balancing residual.,,,MUSLIM POPULATION,Most growth since 1967 comes from births exceeding deaths among Palestinians and Muslim citizens of Israel—not from mass immigration.,,Modern Israel excluding the Golan Heights + West Bank including East Jerusalem + Gaza Strip,5650000,,,760,,205000,5250000,123000,8000,5500,,S17_2007_STITCH,Israel CBS + PCBS — 2007 fixed-territory stitch; project small-community allocations,
2017,2017 CE,13463326,,6550000,0,0,796,0,213000,6146000,143000,5000,5000,400530,Jews,,,Israelite Samaritans,,Other / unclassified,,,3,Combined official statistics,≈,Israel / Palestinian Authority / Gaza,Third Palestinian census,census,minor,gradual,,,,Named communities use master pop_est; Other / Unknown is the balancing residual.,,,,,,Modern Israel excluding the Golan Heights + West Bank including East Jerusalem + Gaza Strip,6700000,,,,,222000,6300000,,7000,6000,,S18_2017_STITCH,Israel CBS + PCBS — 2017 fixed-territory stitch; project small-community allocations,
2023,2023 CE,15050000,,7208000,0,0,840,0,224000,6711000,151000,4500,5000,745660,Jews,,,Israelite Samaritans,,Other / unclassified,,,2,Provisional — conflict-period estimate,≈,Israel / Palestinian territories,Hamas-led attack begins the Gaza war and mass displacement,war,major,gradual,,,,Named communities use master pop_est; Other / Unknown is the balancing residual. The coherent residual falls outside the master's independent Other / Unknown band; total and named estimates are prioritized.,,,GAZA POPULATION DATA,Figures are provisional; Gaza has not had a new census since the war began.,,Modern Israel excluding the Golan Heights + West Bank including East Jerusalem + Gaza Strip,,,,900,,235000,6880000,,6000,5500,,S19_2023_STITCH,Israel CBS + PCBS end-2023 estimates — East Jerusalem/Golan adjusted; preliminary Jewish series; project small-community allocations,
2026,2026 CE,15400000,,7360000,0,0,900,0,215000,6944000,153000,4000,5000,718100,Jews,,,Israelite Samaritans,,Other / unclassified,,,2,Provisional — conflict-period estimate,≈,Israel / Palestinian territories,Current estimate; conflict-era figures remain provisional,conflict,minor,gradual,,,,Named communities use master pop_est; Other / Unknown is the balancing residual.,JEWISH POPULATION,"Emigration increased after 2023, slowing Jewish population growth. Current provisional estimates do not show an overall decline.",CONFLICT-ERA ESTIMATE,"Figures remain provisional because deaths, displacement and migration in Gaza are still uncertain.",,Modern Israel excluding the Golan Heights + West Bank including East Jerusalem + Gaza Strip,7500000,,,950,,228000,7150000,155000,5500,5500,,S20_2026_PROV,Israel CBS + PCBS end-2025 benchmark — East Jerusalem/Golan adjusted; community breakdown partly projected/allocated (as of 18 Jul 2026),
